Martiny,Martina,s,name
Lenky,Lenka,d,name
Josefa,Josef,p,name
Filipa,Filip,p,name
Reichy,Reich,p,surname
Martina,Martin,p,name
Vavřína,Vavřín,p,surname
Jiřího,Jiří,p,name
Karla,Karel,p,name
Bruzlové,Bruzlová,s,surname
Hladké,Hladká,d,surname
Brychty,Brychta,p,surname
Pelce,Pelc,p,surname
Pavla,Pavel,p,name
Sedláčka,Sedláček,p,surname
Ariunzul,Ariunzul,p,name
Byambasuren,Byambasuren,p,surname
Koláře,Kolář,p,surname
Povolného,Povolný,p,surname
Michala,Michal,p,name
Soni,Soňa,d,name
Martina,Martin,d,name
Poštulky,Poštulka,d,surname
Umláškové,Umláškova,d,surname
Jana,Jan,p,name
Zapletala,Zapletal,p,surname
Hada,Had,p,surname
Čechovského,Čechovský,p,surname
Lukeše,Lukeš,p,surname
Ostříže,Ostříž,p,surname
Reného,Renée,p,name
Badalíka,Badalík,p,surname
Vojtěcha,Vojtěch,p,name
Kubáta,Kubát,p,surname
Václava,Václav,p,name
Koutníka,Koutník,p,surname
Miroslava,Miroslav,p,name
Alberta,Albert,p,name
Václavoviče,Václavovič,p,surname
Dominika,Dominik,p,name
Víta,Vít,p,name
Bureše,Bureš,p,surname
Saši,Saša,p,name
Vaňka,Vaněk,p,surname
Radima,Radim,p,name
Marca,Marco,p,name
Vlka,Vlk,p,surname
Varmuži,Varmuža,p,surname
Stanislava Samula,Stanislav Samuel,p,name
Michaely,Michela,d,name
Zbyňka,Zbyněk,p,name
Tůmy,Tůma,p,surname
Nikodema,Nikodem,p,surname
Wintra,Winter,p,surname
Julie,Julia,d,name
Michaely,Michaela,d,name
Michaela,Michael,p,name
Rafaela,Rafael,p,name
Váni,Váňa,p,surname
Pavly,Pavla,d,name
Rosenberka,Rosenberk,p,surname
Gabriely,Gabriela,d,name
Masaryka,Masaryk,p,surname
Andrei,Andrea,d,name
Blahušiaka,Blahušiak,p,surname
Gyönyöra,Gyönyör,p,surname
Hnilici,Hnilica,p,surname
Kani,Kaňa,p,surname
Ludmily,Ludmila,d,name
Gregora,Gregor,p,surname
Vichra,Vichr,p,surname
Šplouchala,Šplouchal,p,surname
Egerle,Egerle,p,surname
Kintra,Kintr,p,surname
Vettry,Vetter,p,surname
Vlastimila,Vlastimil,p,name
Maška,Mašek,p,surname
Jakubce,Jakubec,p,surname
Půčky,Půček,p,surname
Hurta,Hurt,P,surname
Adély,Adéla,d,name
Veronici,Veronica,d,name
Drdly,Drdla,p,surname
Nicol,Nicole,d,name
Bělocha,Běloch,p,surname
Radima,Radim,P,name
Ratajského,Ratajský,P,surname
Havla,Havel,p,surname
Mráze,Mráz,p,surname
Šlégra,Šlégr,p,surname
Matěje,Matěj,p,name
Fadrného,Fadrný,p,surname
Gottvalda,Gottvald,p,surname
Petra,Petr,p,name
Tomáše,Tomáš,p,name
Kopeckého,Kopecký,p,surname
Marka,Marek,p,name
Trötzmüllera,Trötzmüller,p,surname
Vanka,Vank,p,surname
Krčky,Krček,p,surname
Nováka,Novák,p,surname
Davida,David,p,name
Joba,Job,p,surname
Šebetovského,Šebetovský,p,surname
Vladimíra,Vladimír,p,name
Savitky Toma,Savitky Toma,p,surname
Gontcharova,Gontcharov,p,surname
Chrásta,Chrást,p,surname
Adama,Adam,p,name
Slavkova,Slavkov,p,surname
Mauritze,Mauritz,p,surname
Arbiho,Arbi,p,name
Kozubíka,Kozubík,p,surname
Daniela,Daniel,p,name
Vaculčíka,Vaculčík,p,surname
Jakuba,Jakub,p,name
Glose,Glos,p,surname
Klimeše,Klimeš,p,surname
Krejčího,Krejčí,p,surname
Tichoně,Tichoň,p,surname
Víšky,Víšek,p,surname
Wolfa,Wolf,p,surname
Ševčíka,Ševčík,p,surname
Ambrože,Ambrož,p,name
Boleslava,Boleslav,p,name
Kubíka,Kubík,p,surname
Karase,Karas,p,surname
Vojty,Vojta,p,name
Kamenskich,Kamenskich,p,surname
Dominika Benedikta,Dominik Benedikt,p,name
Langa,Lang,p,surname
Ludvíka,Ludvík,p,name
Habrleho,Habrle,p,surname
Slámy,Sláma,p,surname
Jacquelyn,Jacquelyn,d,name
Klobouka,Klobouk,p,surname
Sequensové,Sequensová,d,surname
Krále,Král,p,surname
Máši,Máša,p,surname
Nikoly,Nikola,d,name
Venduly,Vendula,d,name
Darji,Darja,d,name
Daniely,Daniela,d,name
Holuši,Holuša,p,surname
Kaši,Kaša,p,surname
Nely,Nela,d,name
Lexi,Lexa,p,surname
Majera,Majer,p,surname
Pislcajka,Pislcajk,p,surname
Spišiaka,Spišiak,p,surname
Kamily,Kamila,d,name
Kania,Kania,p,surname
Mrkvici,Mrkvica,p,surname
Matouška,Matoušek,p,surname
Pala,Pala,p,surname
Pouzara,Pouzar,p,surname
Tomáška,Tomášek,p,surname
Vojtěcha,Vojtěch,P,name
Holcnera,Holcner,p,surname
Hrušaty,Hrušat,p,surname
Zechmeistera,Zechmeister,p,surname
Cimra,Cimr,p,surname
Soušky,Soušek,p,surname
Hamřika,Hamřik,p,surname
Marcely,Marcela,d,name
Denise,Denis,p,name
Oldřicha,Pldřich,p,name
Standy,Standa,p,name
Končaly,Končal,p,surname
Bartošky,Bartošek,p,surname
Karabitskaya,Karabitskaya,d,surname
Votápky,Votápek,p,surname
Terezie,Terezie,d,name
Marie,Marie,d,name
Potůčka,Potůček,p,surname
Košťála,Košťál,p,surname
Fialy,Fiala,p,surname
Skaly,Skala,p,surname
Anette,Anette,d,name
Lucie,Lucie,d,name
Sazama,Sazama,p,surname
Krčála,Krčál,p,surname
Karly,Karla,d,name
Šipra,Šipr,p,surname
Fazoura,Fazour,p,surname
Kratochvíla,Kratochvíla,p,surname
Šebrleho,Šebrle,p,surname
Valy,Vala,p,surname
Ohřála,Ohřál,p,surname
Žíly,Žíla,p,surname
Štěpána,Štěpán,p,name
Jandeka,Jandek,p,surname
Kintera,Kinter,p,surname
Zdeňka,Zděněk,p,name
Alice,Alice,d,name
Kadlece,Kadlec,p,surname
Hammera,Hammer,p,surname
Rouči,Rouča,p,surname
Holátka,Holátko,p,surname
Hoška,Hošek,p,surname
Krasekra,Kraseker,p,surname
Ellen,Ellen,d,name
Kateřiny,Kateřina,d,name
Marcela,Marcel,p,name
Doležela,Doležel,p,surname
Do,Do,p,surname
Kaly,Kala,p,surname
Částka,Částek,p,surname
Čecha,Čech,p,surname
Večeři,Večeřa,p,surname
Soukupa,Soukup,p,surname
Vyplela,Vyplel,p,surname
Fízeľa,Fízeľ,p,surname
Fraje,Fraj,p,surname
Schánilce,Schánilec,p,surname
Kollára,Kollár,p,surname
Saxe,Sax,p,surname
Naďe,Naď,p,surname
Gabriela,Gabriel,p,surname
Horvátha,Horváth,p,surname
Píši,Píše,p,surname
Píšaly,Píšala,p,surname

‹
